nt,T,T_MeV,beta,smear_index,smear,idea_index,idea,n_param,param,rT_min,rT_max,r_over_a_min,r_over_a_max,saved_at
8,0.16661,166.61,6.423,0,hyp_l2_s3,0,idea1,1,c,0.39528,0.625,3.16224,5,2026-10-02T04:58:42.976Z
8,0.16661,166.61,6.423,0,hyp_l2_s3,0,idea1,3,cexpo,0.39528,0.625,3.16224,5,2026-10-02T03:39:02.475Z
8,0.16661,166.61,6.423,1,hyp_l2_s5,0,idea1,1,c,0.39528,0.70711,3.16224,5.65688,2026-10-02T04:59:00.760Z
8,0.16661,166.61,6.423,1,hyp_l2_s5,0,idea1,3,cexpo,0.45069,0.70711,3.60552,5.65688,2026-10-02T03:42:23.174Z
8,0.16661,166.61,6.423,2,hyp_l3_s1,0,idea1,1,c,0.35355,0.625,2.8284,5,2026-10-05T06:31:36.715Z
8,0.16661,166.61,6.423,2,hyp_l3_s1,0,idea1,3,cexpo,0.35355,0.625,2.8284,5,2026-10-05T06:31:36.715Z
8,0.16661,166.61,6.423,3,hyp_l3_s3,0,idea1,1,c,0.67314,1.03078,5.38512,8.24624,2026-10-05T06:30:47.735Z
8,0.16661,166.61,6.423,3,hyp_l3_s3,0,idea1,3,cexpo,0.5,0.67315,4,5.3852,2026-10-05T09:00:32.193Z
8,0.16661,166.61,6.423,4,hyp_l3_s5,0,idea1,1,c,0.7071,0.95198,5.6568,7.61584,2026-10-05T06:32:02.958Z
8,0.16661,166.61,6.423,4,hyp_l3_s5,0,idea1,3,cexpo,0.5,0.70711,4,5.65688,2026-10-05T09:00:41.165Z
10,0.16863,168.63,6.664,0,hyp_l2_s3,0,idea1,1,c,0.4,0.67083,4,6.7083,2026-10-02T05:41:21.916Z
10,0.16863,168.63,6.664,0,hyp_l2_s3,0,idea1,3,cexpo,0.4,0.50991,4,5.0991,2026-10-02T03:44:28.476Z
10,0.16863,168.63,6.664,1,hyp_l2_s5,0,idea1,1,c,0.5,0.7,5,7,2026-10-02T05:41:28.249Z
10,0.16863,168.63,6.664,1,hyp_l2_s5,0,idea1,3,cexpo,0.4,0.50991,4,5.0991,2026-10-02T03:45:18.677Z
10,0.16863,168.63,6.664,2,hyp_l3_s1,0,idea1,1,c,0.5,0.72112,5,7.2112,2026-10-02T05:01:28.696Z
10,0.16863,168.63,6.664,2,hyp_l3_s1,0,idea1,3,cexpo,0.63245,0.80001,6.3245,8.0001,2026-10-02T03:45:43.527Z
10,0.16863,168.63,6.664,3,hyp_l3_s3,0,idea1,1,c,0.63245,0.84853,6.3245,8.4853,2026-10-02T05:01:01.282Z
10,0.16863,168.63,6.664,3,hyp_l3_s3,0,idea1,3,cexpo,0.63245,0.80001,6.3245,8.0001,2026-10-02T03:45:59.077Z
10,0.16863,168.63,6.664,4,hyp_l3_s5,0,idea1,1,c,0.76157,0.98995,7.6157,9.8995,2026-10-02T05:00:27.810Z
10,0.16863,168.63,6.664,4,hyp_l3_s5,0,idea1,3,cexpo,0.64031,0.80001,6.4031,8.0001,2026-10-02T03:46:17.960Z
8,0.17756,177.56,6.488,0,hyp_l2_s3,0,idea1,1,c,0.17677,0.375,1.41416,3,2026-10-02T05:41:11.789Z
8,0.17756,177.56,6.488,0,hyp_l2_s3,0,idea1,3,cexpo,0.45069,0.55902,3.60552,4.47216,2026-10-02T03:46:43.660Z
8,0.17756,177.56,6.488,1,hyp_l2_s5,0,idea1,1,c,0.35355,0.70711,2.8284,5.65688,2026-10-02T05:41:01.317Z
8,0.17756,177.56,6.488,1,hyp_l2_s5,0,idea1,3,cexpo,0.45069,0.55902,3.60552,4.47216,2026-10-02T03:46:58.993Z
8,0.17756,177.56,6.488,2,hyp_l3_s1,0,idea1,1,c,0.5,0.72887,4,5.83096,2026-10-02T05:40:54.849Z
8,0.17756,177.56,6.488,2,hyp_l3_s1,0,idea1,3,cexpo,0.53033,0.72887,4.24264,5.83096,2026-10-02T03:47:27.577Z
8,0.17756,177.56,6.488,3,hyp_l3_s3,0,idea1,1,c,0.55901,0.90139,4.47208,7.21112,2026-10-02T05:40:46.865Z
8,0.17756,177.56,6.488,3,hyp_l3_s3,0,idea1,3,cexpo,0.53033,0.72887,4.24264,5.83096,2026-10-02T03:47:37.243Z
8,0.17756,177.56,6.488,4,hyp_l3_s5,0,idea1,1,c,0.97628,1.30504,7.81024,10.44032,2026-10-02T05:40:40.684Z
8,0.17756,177.56,6.488,4,hyp_l3_s5,0,idea1,3,cexpo,0.83852,1.06067,6.70816,8.48536,2026-10-05T09:02:23.725Z
8,0.18231,182.31,6.515,0,hyp_l2_s3,0,idea1,1,c,0.39528,0.88389,3.16224,7.07112,2026-10-02T05:39:59.667Z
8,0.18231,182.31,6.515,0,hyp_l2_s3,0,idea1,3,cexpo,0.51538,0.72887,4.12304,5.83096,2026-10-02T04:00:06.612Z
8,0.18231,182.31,6.515,1,hyp_l2_s5,0,idea1,1,c,0.45069,0.97629,3.60552,7.81032,2026-10-02T05:40:06.659Z
8,0.18231,182.31,6.515,1,hyp_l2_s5,0,idea1,3,cexpo,0.5,0.72887,4,5.83096,2026-10-02T03:59:54.712Z
8,0.18231,182.31,6.515,2,hyp_l3_s1,0,idea1,1,c,0.375,0.875,3,7,2026-10-02T05:40:14.937Z
8,0.18231,182.31,6.515,2,hyp_l3_s1,0,idea1,3,cexpo,0.625,0.8004,5,6.4032,2026-10-02T04:00:32.500Z
8,0.18231,182.31,6.515,3,hyp_l3_s3,0,idea1,1,c,0.625,0.91002,5,7.28016,2026-10-02T05:40:21.771Z
8,0.18231,182.31,6.515,3,hyp_l3_s3,0,idea1,3,cexpo,0.7071,0.97629,5.6568,7.81032,2026-10-02T04:00:50.533Z
8,0.18231,182.31,6.515,4,hyp_l3_s5,0,idea1,1,c,0.76034,1.00779,6.08272,8.06232,2026-10-05T06:45:30.094Z
8,0.18231,182.31,6.515,4,hyp_l3_s5,0,idea1,3,cexpo,0.76034,1.00779,6.08272,8.06232,2026-10-05T06:45:30.094Z
10,0.19229,192.29,6.8,0,hyp_l2_s3,0,idea1,1,c,0.36055,0.56569,3.6055,5.6569,2026-10-02T05:39:44.472Z
10,0.19229,192.29,6.8,0,hyp_l2_s3,0,idea1,3,cexpo,0.60827,0.98995,6.0827,9.8995,2026-10-05T09:34:52.572Z
10,0.19229,192.29,6.8,1,hyp_l2_s5,0,idea1,1,c,0.60827,0.98489,6.0827,9.8489,2026-10-02T05:39:32.383Z
10,0.19229,192.29,6.8,1,hyp_l2_s5,0,idea1,3,cexpo,0.6,0.98995,6,9.8995,2026-10-05T09:34:58.599Z
10,0.19229,192.29,6.8,2,hyp_l3_s1,0,idea1,1,c,0.69999,0.84853,6.9999,8.4853,2026-10-02T05:39:18.584Z
10,0.19229,192.29,6.8,2,hyp_l3_s1,0,idea1,3,cexpo,0.67082,0.94869,6.7082,9.4869,2026-10-05T09:35:12.508Z
10,0.19229,192.29,6.8,3,hyp_l3_s3,0,idea1,1,c,0.76157,0.90554,7.6157,9.0554,2026-10-02T05:39:12.235Z
10,0.19229,192.29,6.8,3,hyp_l3_s3,0,idea1,3,cexpo,0.7071,0.98995,7.071,9.8995,2026-10-05T09:35:21.226Z
10,0.19229,192.29,6.8,4,hyp_l3_s5,0,idea1,1,c,0.92195,1.48661,9.2195,14.8661,2026-10-02T05:38:58.804Z
10,0.19229,192.29,6.8,4,hyp_l3_s5,0,idea1,3,cexpo,0.76157,0.92196,7.6157,9.2196,2026-10-02T04:01:55.014Z
8,0.1933,193.3,6.575,0,hyp_l2_s3,0,idea1,1,c,0.35355,0.55902,2.8284,4.47216,2026-10-02T05:38:09.086Z
8,0.1933,193.3,6.575,0,hyp_l2_s3,0,idea1,3,cexpo,0.5,0.63738,4,5.09904,2026-10-02T04:03:53.864Z
8,0.1933,193.3,6.575,1,hyp_l2_s5,0,idea1,1,c,0.39528,0.75,3.16224,6,2026-10-02T05:38:19.954Z
8,0.1933,193.3,6.575,1,hyp_l2_s5,0,idea1,3,cexpo,0.5,0.63738,4,5.09904,2026-10-02T04:04:08.487Z
8,0.1933,193.3,6.575,2,hyp_l3_s1,0,idea1,1,c,0.625,0.88389,5,7.07112,2026-10-02T05:38:29.501Z
8,0.1933,193.3,6.575,2,hyp_l3_s1,0,idea1,3,cexpo,0.72886,0.83853,5.83088,6.70824,2026-10-02T04:04:29.264Z
8,0.1933,193.3,6.575,3,hyp_l3_s3,0,idea1,1,c,0.80039,1.0753,6.40312,8.6024,2026-10-02T05:38:38.564Z
8,0.1933,193.3,6.575,3,hyp_l3_s3,0,idea1,3,cexpo,0.67314,0.83853,5.38512,6.70824,2026-10-02T04:04:44.719Z
8,0.1933,193.3,6.575,4,hyp_l3_s5,0,idea1,1,c,0.7071,0.95198,5.6568,7.61584,2026-10-05T06:45:33.700Z
8,0.1933,193.3,6.575,4,hyp_l3_s5,0,idea1,3,cexpo,0.51538,0.70711,4.12304,5.65688,2026-10-05T09:35:53.884Z
8,0.21079,210.79,6.664,0,hyp_l2_s3,0,idea1,1,c,0.625,0.875,5,7,2026-10-02T05:37:57.805Z
8,0.21079,210.79,6.664,0,hyp_l2_s3,0,idea1,3,cexpo,0.5,0.70711,4,5.65688,2026-10-02T04:07:00.948Z
8,0.21079,210.79,6.664,1,hyp_l2_s5,0,idea1,1,c,0.39528,0.67315,3.16224,5.3852,2026-10-02T05:37:45.499Z
8,0.21079,210.79,6.664,1,hyp_l2_s5,0,idea1,3,cexpo,0.5,0.625,4,5,2026-10-02T04:06:49.348Z
8,0.21079,210.79,6.664,2,hyp_l3_s1,0,idea1,1,c,0.5,0.79057,4,6.32456,2026-10-02T05:37:38.736Z
8,0.21079,210.79,6.664,2,hyp_l3_s1,0,idea1,3,cexpo,0.55901,0.8004,4.47208,6.4032,2026-10-02T04:06:31.215Z
8,0.21079,210.79,6.664,3,hyp_l3_s3,0,idea1,1,c,0.76034,1.00779,6.08272,8.06232,2026-10-02T05:37:30.586Z
8,0.21079,210.79,6.664,3,hyp_l3_s3,0,idea1,3,cexpo,0.67314,0.83853,5.38512,6.70824,2026-10-02T04:06:09.965Z
8,0.21079,210.79,6.664,4,hyp_l3_s5,0,idea1,1,c,0.72886,1.11804,5.83088,8.94432,2026-10-02T05:37:23.007Z
8,0.21079,210.79,6.664,4,hyp_l3_s5,0,idea1,3,cexpo,0.72886,1.0753,5.83088,8.6024,2026-10-02T04:05:28.498Z
10,0.22184,221.84,6.95,0,hyp_l2_s3,0,idea1,1,c,0.4,0.72802,4,7.2802,2026-10-02T05:36:16.717Z
10,0.22184,221.84,6.95,0,hyp_l2_s3,0,idea1,3,cexpo,0.67082,0.80623,6.7082,8.0623,2026-10-02T04:07:23.852Z
10,0.22184,221.84,6.95,1,hyp_l2_s5,0,idea1,1,c,0.5,0.80001,5,8.0001,2026-10-02T05:36:25.287Z
10,0.22184,221.84,6.95,1,hyp_l2_s5,0,idea1,3,cexpo,0.67082,0.80001,6.7082,8.0001,2026-10-02T04:07:41.865Z
10,0.22184,221.84,6.95,2,hyp_l3_s1,0,idea1,1,c,0.63245,1.08167,6.3245,10.8167,2026-10-02T05:36:40.404Z
10,0.22184,221.84,6.95,2,hyp_l3_s1,0,idea1,3,cexpo,0.8,0.94869,8,9.4869,2026-10-02T04:07:59.532Z
10,0.22184,221.84,6.95,3,hyp_l3_s3,0,idea1,1,c,0.76157,1.1662,7.6157,11.662,2026-10-02T05:36:53.023Z
10,0.22184,221.84,6.95,3,hyp_l3_s3,0,idea1,3,cexpo,0.86023,1.07704,8.6023,10.7704,2026-10-02T04:08:16.198Z
10,0.22184,221.84,6.95,4,hyp_l3_s5,0,idea1,1,c,0.84852,1.07704,8.4852,10.7704,2026-10-02T05:37:03.659Z
10,0.22184,221.84,6.95,4,hyp_l3_s5,0,idea1,3,cexpo,0.80622,0.94869,8.0622,9.4869,2026-10-02T04:08:28.832Z
8,0.24036,240.36,6.8,0,hyp_l2_s3,0,idea1,1,c,0.2795,0.72887,2.236,5.83096,2026-10-02T05:35:56.321Z
8,0.24036,240.36,6.8,0,hyp_l2_s3,0,idea1,3,cexpo,0.55901,0.75,4.47208,6,2026-10-02T04:18:10.850Z
8,0.24036,240.36,6.8,1,hyp_l2_s5,0,idea1,1,c,0.39528,0.72887,3.16224,5.83096,2026-10-02T05:35:45.314Z
8,0.24036,240.36,6.8,1,hyp_l2_s5,0,idea1,3,cexpo,0.625,0.79057,5,6.32456,2026-10-02T04:18:26.482Z
8,0.24036,240.36,6.8,2,hyp_l3_s1,0,idea1,1,c,0.63737,0.79057,5.09896,6.32456,2026-10-02T05:35:27.549Z
8,0.24036,240.36,6.8,2,hyp_l3_s1,0,idea1,3,cexpo,0.76034,0.91002,6.08272,7.28016,2026-10-02T04:18:37.926Z
8,0.24036,240.36,6.8,3,hyp_l3_s3,0,idea1,1,c,0.72886,1,5.83088,8,2026-10-02T05:35:21.848Z
8,0.24036,240.36,6.8,3,hyp_l3_s3,0,idea1,3,cexpo,0.88388,1.03078,7.07104,8.24624,2026-10-02T04:18:56.717Z
8,0.24036,240.36,6.8,4,hyp_l3_s5,0,idea1,1,c,0.67314,0.97629,5.38512,7.81032,2026-10-05T06:45:36.417Z
8,0.24036,240.36,6.8,4,hyp_l3_s5,0,idea1,3,cexpo,0.67314,0.97629,5.38512,7.81032,2026-10-05T06:45:36.417Z
10,0.2675,267.5,7.15,0,hyp_l2_s3,0,idea1,1,c,0.56568,0.89443,5.6568,8.9443,2026-10-05T10:01:41.556Z
10,0.2675,267.5,7.15,0,hyp_l2_s3,0,idea1,3,cexpo,0.72111,0.94869,7.2111,9.4869,2026-10-05T09:37:48.504Z
10,0.2675,267.5,7.15,1,hyp_l2_s5,0,idea1,1,c,0.5,0.76158,5,7.6158,2026-10-02T05:33:42.155Z
10,0.2675,267.5,7.15,1,hyp_l2_s5,0,idea1,3,cexpo,0.72111,0.9,7.2111,9,2026-10-02T04:21:19.236Z
10,0.2675,267.5,7.15,2,hyp_l3_s1,0,idea1,1,c,0.72801,1.20416,7.2801,12.0416,2026-10-02T05:34:06.465Z
10,0.2675,267.5,7.15,2,hyp_l3_s1,0,idea1,3,cexpo,1.0198,1.11804,10.198,11.1804,2026-10-02T04:20:59.236Z
10,0.2675,267.5,7.15,3,hyp_l3_s3,0,idea1,1,c,1.00498,1.253,10.0498,12.53,2026-10-02T05:34:28.316Z
10,0.2675,267.5,7.15,3,hyp_l3_s3,0,idea1,3,cexpo,1.14017,1.33417,11.4017,13.3417,2026-10-02T04:20:18.454Z
10,0.2675,267.5,7.15,4,hyp_l3_s5,0,idea1,1,c,1.17046,1.89737,11.7046,18.9737,2026-10-05T06:45:41.511Z
10,0.2675,267.5,7.15,4,hyp_l3_s5,0,idea1,3,cexpo,0.86023,1.17047,8.6023,11.7047,2026-10-05T09:37:31.906Z
8,0.2773,277.3,6.95,0,hyp_l2_s3,0,idea1,1,c,0.625,0.79057,5,6.32456,2026-10-02T05:32:58.704Z
8,0.2773,277.3,6.95,0,hyp_l2_s3,0,idea1,3,cexpo,0.7071,0.83853,5.6568,6.70824,2026-10-02T04:22:04.669Z
8,0.2773,277.3,6.95,1,hyp_l2_s5,0,idea1,1,c,0.67314,0.90139,5.38512,7.21112,2026-10-02T05:32:53.398Z
8,0.2773,277.3,6.95,1,hyp_l2_s5,0,idea1,3,cexpo,0.67314,0.8004,5.38512,6.4032,2026-10-02T04:22:15.063Z
8,0.2773,277.3,6.95,2,hyp_l3_s1,0,idea1,1,c,0.75,0.97629,6,7.81032,2026-10-02T05:32:47.518Z
8,0.2773,277.3,6.95,2,hyp_l3_s1,0,idea1,3,cexpo,1,1.18586,8,9.48688,2026-10-02T04:22:27.885Z
8,0.2773,277.3,6.95,3,hyp_l3_s3,0,idea1,1,c,0.88388,1.15245,7.07104,9.2196,2026-10-02T05:32:42.387Z
8,0.2773,277.3,6.95,3,hyp_l3_s3,0,idea1,3,cexpo,1.23743,1.54617,9.89944,12.36936,2026-10-02T04:22:48.171Z
8,0.2773,277.3,6.95,4,hyp_l3_s5,0,idea1,1,c,1.068,1.38068,8.544,11.04544,2026-10-02T05:32:37.804Z
8,0.2773,277.3,6.95,4,hyp_l3_s5,0,idea1,3,cexpo,1.00778,1.23111,8.06224,9.84888,2026-10-02T04:23:02.805Z
10,0.30143,301.43,7.28,0,hyp_l2_s3,0,idea1,1,c,0.41231,0.63246,4.1231,6.3246,2026-10-02T05:31:23.647Z
10,0.30143,301.43,7.28,0,hyp_l2_s3,0,idea1,3,cexpo,0.67082,0.82463,6.7082,8.2463,2026-10-02T04:24:09.926Z
10,0.30143,301.43,7.28,1,hyp_l2_s5,0,idea1,1,c,0.6,0.90554,6,9.0554,2026-10-02T05:31:32.115Z
10,0.30143,301.43,7.28,1,hyp_l2_s5,0,idea1,3,cexpo,0.64031,0.85441,6.4031,8.5441,2026-10-02T04:24:00.330Z
10,0.30143,301.43,7.28,2,hyp_l3_s1,0,idea1,1,c,0.56568,1,5.6568,10,2026-10-02T05:31:42.728Z
10,0.30143,301.43,7.28,2,hyp_l3_s1,0,idea1,3,cexpo,1.02956,1.17047,10.2956,11.7047,2026-10-02T04:23:49.205Z
10,0.30143,301.43,7.28,3,hyp_l3_s3,0,idea1,1,c,1.10453,1.48661,11.0453,14.8661,2026-10-02T05:31:55.562Z
10,0.30143,301.43,7.28,3,hyp_l3_s3,0,idea1,3,cexpo,1.2083,1.34537,12.083,13.4537,2026-10-02T04:23:33.507Z
10,0.30143,301.43,7.28,4,hyp_l3_s5,0,idea1,1,c,1.06301,1.81108,10.6301,18.1108,2026-10-02T05:32:16.092Z
10,0.30143,301.43,7.28,4,hyp_l3_s5,0,idea1,3,cexpo,1.06301,1.23694,10.6301,12.3694,2026-10-02T04:23:17.838Z
10,0.32797,327.97,7.373,0,hyp_l2_s3,0,idea1,1,c,0.56568,0.70711,5.6568,7.0711,2026-10-02T05:31:10.621Z
10,0.32797,327.97,7.373,0,hyp_l2_s3,0,idea1,3,cexpo,0.78102,0.98995,7.8102,9.8995,2026-10-02T04:24:25.555Z
10,0.32797,327.97,7.373,1,hyp_l2_s5,0,idea1,1,c,0.80622,1.2728,8.0622,12.728,2026-10-02T05:30:56.173Z
10,0.32797,327.97,7.373,1,hyp_l2_s5,0,idea1,3,cexpo,0.82462,1.13138,8.2462,11.3138,2026-10-05T09:38:59.354Z
10,0.32797,327.97,7.373,2,hyp_l3_s1,0,idea1,1,c,0.92195,1.11804,9.2195,11.1804,2026-10-02T05:30:33.633Z
10,0.32797,327.97,7.373,2,hyp_l3_s1,0,idea1,3,cexpo,0.72111,0.86024,7.2111,8.6024,2026-10-02T04:24:56.899Z
10,0.32797,327.97,7.373,3,hyp_l3_s3,0,idea1,1,c,1.11803,1.34537,11.1803,13.4537,2026-10-02T05:30:28.157Z
10,0.32797,327.97,7.373,3,hyp_l3_s3,0,idea1,3,cexpo,1.02956,1.45603,10.2956,14.5603,2026-10-05T09:39:15.293Z
10,0.32797,327.97,7.373,4,hyp_l3_s5,0,idea1,1,c,0.84852,1.26492,8.4852,12.6492,2026-10-05T10:00:54.334Z
10,0.32797,327.97,7.373,4,hyp_l3_s5,0,idea1,3,cexpo,0.80622,1.08167,8.0622,10.8167,2026-10-02T04:26:14.756Z
8,0.33437,334.37,7.15,0,hyp_l2_s3,0,idea1,1,c,0.67314,0.83853,5.38512,6.70824,2026-10-02T05:29:39.081Z
8,0.33437,334.37,7.15,0,hyp_l2_s3,0,idea1,3,cexpo,0.79056,1.03078,6.32448,8.24624,2026-10-02T04:27:19.439Z
8,0.33437,334.37,7.15,1,hyp_l2_s5,0,idea1,1,c,0.5,0.63738,4,5.09904,2026-10-02T05:29:47.399Z
8,0.33437,334.37,7.15,1,hyp_l2_s5,0,idea1,3,cexpo,0.80039,1.03078,6.40312,8.24624,2026-10-02T04:27:04.123Z
8,0.33437,334.37,7.15,2,hyp_l3_s1,0,idea1,1,c,0.75,1.0753,6,8.6024,2026-10-02T05:29:54.069Z
8,0.33437,334.37,7.15,2,hyp_l3_s1,0,idea1,3,cexpo,1.03077,1.18586,8.24616,9.48688,2026-10-02T04:26:52.742Z
8,0.33437,334.37,7.15,3,hyp_l3_s3,0,idea1,1,c,0.83852,1.0753,6.70816,8.6024,2026-10-02T05:29:59.595Z
8,0.33437,334.37,7.15,3,hyp_l3_s3,0,idea1,3,cexpo,0.91001,1.11804,7.28008,8.94432,2026-10-02T04:26:41.524Z
8,0.33437,334.37,7.15,4,hyp_l3_s5,0,idea1,1,c,0.83852,1.0753,6.70816,8.6024,2026-10-02T05:30:07.558Z
8,0.33437,334.37,7.15,4,hyp_l3_s5,0,idea1,3,cexpo,0.76034,1.00779,6.08272,8.06232,2026-10-02T04:26:32.526Z
8,0.37679,376.79,7.28,0,hyp_l2_s3,0,idea1,1,c,0.39528,0.72887,3.16224,5.83096,2026-10-02T05:29:29.107Z
8,0.37679,376.79,7.28,0,hyp_l2_s3,0,idea1,3,cexpo,0.625,0.79057,5,6.32456,2026-10-02T04:28:43.422Z
8,0.37679,376.79,7.28,1,hyp_l2_s5,0,idea1,1,c,0.76034,1.0753,6.08272,8.6024,2026-10-02T05:29:11.069Z
8,0.37679,376.79,7.28,1,hyp_l2_s5,0,idea1,3,cexpo,0.63737,0.8004,5.09896,6.4032,2026-10-02T04:28:50.124Z
8,0.37679,376.79,7.28,2,hyp_l3_s1,0,idea1,1,c,0.72886,1.0753,5.83088,8.6024,2026-10-05T09:59:22.653Z
8,0.37679,376.79,7.28,2,hyp_l3_s1,0,idea1,3,cexpo,0.625,0.8004,5,6.4032,2026-10-02T04:28:58.976Z
8,0.37679,376.79,7.28,3,hyp_l3_s3,0,idea1,1,c,1.07529,1.30504,8.60232,10.44032,2026-10-02T05:28:59.789Z
8,0.37679,376.79,7.28,3,hyp_l3_s3,0,idea1,3,cexpo,1.23743,1.41422,9.89944,11.31376,2026-10-02T04:29:07.658Z
8,0.37679,376.79,7.28,4,hyp_l3_s5,0,idea1,1,c,1.06066,1.35209,8.48528,10.81672,2026-10-02T05:28:54.292Z
8,0.37679,376.79,7.28,4,hyp_l3_s5,0,idea1,3,cexpo,1,1.27476,8,10.19808,2026-10-02T04:29:18.039Z
10,0.40026,400.26,7.596,0,hyp_l2_s3,0,idea1,1,c,0.6,0.78103,6,7.8103,2026-10-02T05:28:02.305Z
10,0.40026,400.26,7.596,0,hyp_l2_s3,0,idea1,3,cexpo,1.14017,1.40357,11.4017,14.0357,2026-10-02T04:30:40.830Z
10,0.40026,400.26,7.596,1,hyp_l2_s5,0,idea1,1,c,0.56568,0.78103,5.6568,7.8103,2026-10-02T05:28:13.317Z
10,0.40026,400.26,7.596,1,hyp_l2_s5,0,idea1,3,cexpo,0.89442,1.04404,8.9442,10.4404,2026-10-02T04:30:16.597Z
10,0.40026,400.26,7.596,2,hyp_l3_s1,0,idea1,1,c,0.67082,0.9434,6.7082,9.434,2026-10-02T05:28:21.147Z
10,0.40026,400.26,7.596,2,hyp_l3_s1,0,idea1,3,cexpo,1.00498,1.28063,10.0498,12.8063,2026-10-05T09:47:00.449Z
10,0.40026,400.26,7.596,3,hyp_l3_s3,0,idea1,1,c,0.90553,1.23694,9.0553,12.3694,2026-10-02T05:28:32.645Z
10,0.40026,400.26,7.596,3,hyp_l3_s3,0,idea1,3,cexpo,1.08166,1.3153,10.8166,13.153,2026-10-02T04:29:49.644Z
10,0.40026,400.26,7.596,4,hyp_l3_s5,0,idea1,1,c,1.28062,1.72047,12.8062,17.2047,2026-10-02T05:28:40.925Z
10,0.40026,400.26,7.596,4,hyp_l3_s5,0,idea1,3,cexpo,1.00498,1.28063,10.0498,12.8063,2026-10-05T09:46:43.495Z
8,0.40997,409.97,7.373,0,hyp_l2_s3,0,idea1,1,c,0.67314,0.97629,5.38512,7.81032,2026-10-05T09:58:16.116Z
8,0.40997,409.97,7.373,0,hyp_l2_s3,0,idea1,3,cexpo,0.91001,1.18586,7.28008,9.48688,2026-10-05T09:47:39.222Z
8,0.40997,409.97,7.373,1,hyp_l2_s5,0,idea1,1,c,0.76034,1.03078,6.08272,8.24624,2026-10-02T05:27:43.953Z
8,0.40997,409.97,7.373,1,hyp_l2_s5,0,idea1,3,cexpo,1,1.18586,8,9.48688,2026-10-02T04:44:53.805Z
8,0.40997,409.97,7.373,2,hyp_l3_s1,0,idea1,1,c,0.76034,0.97629,6.08272,7.81032,2026-10-02T05:27:38.197Z
8,0.40997,409.97,7.373,2,hyp_l3_s1,0,idea1,3,cexpo,1.25623,1.39755,10.04984,11.1804,2026-10-02T04:45:04.310Z
8,0.40997,409.97,7.373,3,hyp_l3_s3,0,idea1,1,c,0.875,1.15245,7,9.2196,2026-10-02T05:27:32.771Z
8,0.40997,409.97,7.373,3,hyp_l3_s3,0,idea1,3,cexpo,0.83852,1.00779,6.70816,8.06232,2026-10-02T04:45:15.142Z
8,0.40997,409.97,7.373,4,hyp_l3_s5,0,idea1,1,c,0.97628,1.25,7.81024,10,2026-10-02T05:27:27.359Z
8,0.40997,409.97,7.373,4,hyp_l3_s5,0,idea1,3,cexpo,0.90138,1.23111,7.21104,9.84888,2026-10-05T09:47:24.674Z
10,0.48915,489.15,7.825,0,hyp_l2_s3,0,idea1,1,c,0.7071,1.10001,7.071,11.0001,2026-10-02T05:26:43.748Z
10,0.48915,489.15,7.825,0,hyp_l2_s3,0,idea1,3,cexpo,1.11803,1.28063,11.1803,12.8063,2026-10-02T04:47:08.888Z
10,0.48915,489.15,7.825,1,hyp_l2_s5,0,idea1,1,c,0.67082,0.94869,6.7082,9.4869,2026-10-02T05:26:50.028Z
10,0.48915,489.15,7.825,1,hyp_l2_s5,0,idea1,3,cexpo,1.11803,1.28063,11.1803,12.8063,2026-10-02T04:46:56.311Z
10,0.48915,489.15,7.825,2,hyp_l3_s1,0,idea1,1,c,0.78102,1.08167,7.8102,10.8167,2026-10-02T05:26:56.765Z
10,0.48915,489.15,7.825,2,hyp_l3_s1,0,idea1,3,cexpo,1.22065,1.34537,12.2065,13.4537,2026-10-02T04:46:49.530Z
10,0.48915,489.15,7.825,3,hyp_l3_s3,0,idea1,1,c,1.02956,1.3153,10.2956,13.153,2026-10-02T05:27:05.977Z
10,0.48915,489.15,7.825,3,hyp_l3_s3,0,idea1,3,cexpo,1.72626,1.94165,17.2626,19.4165,2026-10-02T04:46:35.378Z
10,0.48915,489.15,7.825,4,hyp_l3_s5,0,idea1,1,c,1.02956,1.26492,10.2956,12.6492,2026-10-02T05:27:14.671Z
10,0.48915,489.15,7.825,4,hyp_l3_s5,0,idea1,3,cexpo,1.08166,1.30385,10.8166,13.0385,2026-10-02T04:46:18.065Z
8,0.50032,500.32,7.596,0,hyp_l2_s3,0,idea1,1,c,0.51538,0.79057,4.12304,6.32456,2026-10-02T06:32:57.804Z
8,0.50032,500.32,7.596,0,hyp_l2_s3,0,idea1,3,cexpo,0.90138,1.32877,7.21104,10.63016,2026-10-05T09:48:24.514Z
8,0.50032,500.32,7.596,1,hyp_l2_s5,0,idea1,1,c,0.875,1.25624,7,10.04992,2026-10-02T06:33:01.548Z
8,0.50032,500.32,7.596,1,hyp_l2_s5,0,idea1,3,cexpo,0.875,1.25624,7,10.04992,2026-10-02T06:33:01.548Z
8,0.50032,500.32,7.596,2,hyp_l3_s1,0,idea1,1,c,1.03077,1.30504,8.24616,10.44032,2026-10-02T05:26:17.487Z
8,0.50032,500.32,7.596,2,hyp_l3_s1,0,idea1,3,cexpo,1.32876,1.70019,10.63008,13.60152,2026-10-02T06:33:37.516Z
8,0.50032,500.32,7.596,3,hyp_l3_s3,0,idea1,1,c,1.35208,1.68171,10.81664,13.45368,2026-10-02T05:26:11.476Z
8,0.50032,500.32,7.596,3,hyp_l3_s3,0,idea1,3,cexpo,1.13192,1.3463,9.05536,10.7704,2026-10-02T06:33:45.183Z
8,0.50032,500.32,7.596,4,hyp_l3_s5,0,idea1,1,c,1.35208,1.70019,10.81664,13.60152,2026-10-02T05:26:04.046Z
8,0.50032,500.32,7.596,4,hyp_l3_s5,0,idea1,3,cexpo,1.25623,1.52582,10.04984,12.20656,2026-10-02T06:33:57.327Z
8,0.61144,611.44,7.825,0,hyp_l2_s3,0,idea1,1,c,0.79056,1.18586,6.32448,9.48688,2026-10-05T09:56:38.104Z
8,0.61144,611.44,7.825,0,hyp_l2_s3,0,idea1,3,cexpo,1.07529,1.30504,8.60232,10.44032,2026-10-02T04:48:46.292Z
8,0.61144,611.44,7.825,1,hyp_l2_s5,0,idea1,1,c,0.875,1.18586,7,9.48688,2026-10-02T05:25:26.391Z
8,0.61144,611.44,7.825,1,hyp_l2_s5,0,idea1,3,cexpo,1.125,1.28696,9,10.29568,2026-10-02T04:48:55.703Z
8,0.61144,611.44,7.825,2,hyp_l3_s1,0,idea1,1,c,1.07529,1.54617,8.60232,12.36936,2026-10-02T05:25:33.797Z
8,0.61144,611.44,7.825,2,hyp_l3_s1,0,idea1,3,cexpo,0.95197,1.15245,7.61576,9.2196,2026-10-02T04:49:08.697Z
8,0.61144,611.44,7.825,3,hyp_l3_s3,0,idea1,1,c,1.25623,1.82003,10.04984,14.56024,2026-10-02T05:25:42.833Z
8,0.61144,611.44,7.825,3,hyp_l3_s3,0,idea1,3,cexpo,1.13192,1.54617,9.05536,12.36936,2026-10-05T09:48:53.817Z
8,0.61144,611.44,7.825,4,hyp_l3_s5,0,idea1,1,c,1.35208,1.56625,10.81664,12.53,2026-10-02T05:25:52.737Z
8,0.61144,611.44,7.825,4,hyp_l3_s5,0,idea1,3,cexpo,1.30503,1.68171,10.44024,13.45368,2026-10-02T04:49:29.255Z
10,0.67518,675.18,8.2,0,hyp_l2_s3,0,idea1,1,c,0.84852,1.07704,8.4852,10.7704,2026-10-02T05:23:20.684Z
10,0.67518,675.18,8.2,0,hyp_l2_s3,0,idea1,3,cexpo,1.28062,1.67631,12.8062,16.7631,2026-10-02T04:50:55.821Z
10,0.67518,675.18,8.2,1,hyp_l2_s5,0,idea1,1,c,0.90553,1.10001,9.0553,11.0001,2026-10-02T05:23:13.483Z
10,0.67518,675.18,8.2,1,hyp_l2_s5,0,idea1,3,cexpo,1.29999,1.72627,12.9999,17.2627,2026-10-05T09:49:21.235Z
10,0.67518,675.18,8.2,2,hyp_l3_s1,0,idea1,1,c,0.80622,1.10454,8.0622,11.0454,2026-10-02T05:23:06.572Z
10,0.67518,675.18,8.2,2,hyp_l3_s1,0,idea1,3,cexpo,0.82462,1.14018,8.2462,11.4018,2026-10-02T04:50:28.346Z
10,0.67518,675.18,8.2,3,hyp_l3_s3,0,idea1,1,c,1.5297,1.90263,15.297,19.0263,2026-10-02T05:23:00.574Z
10,0.67518,675.18,8.2,3,hyp_l3_s3,0,idea1,3,cexpo,1.5,1.92354,15,19.2354,2026-10-02T04:50:11.379Z
10,0.67518,675.18,8.2,4,hyp_l3_s5,0,idea1,1,c,1.58113,1.99249,15.8113,19.9249,2026-10-02T05:22:49.745Z
10,0.67518,675.18,8.2,4,hyp_l3_s5,0,idea1,3,cexpo,1.52315,1.93133,15.2315,19.3133,2026-10-02T04:49:47.678Z
8,0.71123,711.23,8,0,hyp_l2_s3,0,idea1,1,c,1.07529,1.39755,8.60232,11.1804,2026-10-02T05:22:06.637Z
8,0.71123,711.23,8,0,hyp_l2_s3,0,idea1,3,cexpo,1.52581,1.82003,12.20648,14.56024,2026-10-02T04:51:15.967Z
8,0.71123,711.23,8,1,hyp_l2_s5,0,idea1,1,c,1.068,1.46309,8.544,11.70472,2026-10-02T05:22:12.574Z
8,0.71123,711.23,8,1,hyp_l2_s5,0,idea1,3,cexpo,1.38067,1.8916,11.04536,15.1328,2026-10-02T04:51:28.406Z
8,0.71123,711.23,8,2,hyp_l3_s1,0,idea1,1,c,1.15244,1.42522,9.21952,11.40176,2026-10-02T05:22:21.129Z
8,0.71123,711.23,8,2,hyp_l3_s1,0,idea1,3,cexpo,1.56624,1.8916,12.52992,15.1328,2026-10-02T04:51:48.148Z
8,0.71123,711.23,8,3,hyp_l3_s3,0,idea1,1,c,1.2311,1.52582,9.8488,12.20656,2026-10-02T05:22:28.659Z
8,0.71123,711.23,8,3,hyp_l3_s3,0,idea1,3,cexpo,1.30503,1.58114,10.44024,12.64912,2026-10-02T04:52:02.935Z
8,0.71123,711.23,8,4,hyp_l3_s5,0,idea1,1,c,1.23743,1.5207,9.89944,12.1656,2026-10-02T05:22:36.784Z
8,0.71123,711.23,8,4,hyp_l3_s5,0,idea1,3,cexpo,1.28695,1.60079,10.2956,12.80632,2026-10-02T04:52:17.805Z
10,0.80016,800.16,8.4,0,hyp_l2_s3,0,idea1,1,c,0.94868,1.21656,9.4868,12.1656,2026-10-05T06:45:59.113Z
10,0.80016,800.16,8.4,0,hyp_l2_s3,0,idea1,3,cexpo,1.43178,1.78045,14.3178,17.8045,2026-10-05T09:50:38.366Z
10,0.80016,800.16,8.4,1,hyp_l2_s5,0,idea1,1,c,0.94868,1.22066,9.4868,12.2066,2026-10-02T05:21:47.669Z
10,0.80016,800.16,8.4,1,hyp_l2_s5,0,idea1,3,cexpo,1.30384,1.52971,13.0384,15.2971,2026-10-02T04:53:44.007Z
10,0.80016,800.16,8.4,2,hyp_l3_s1,0,idea1,1,c,1.02956,1.23694,10.2956,12.3694,2026-10-02T05:21:40.403Z
10,0.80016,800.16,8.4,2,hyp_l3_s1,0,idea1,3,cexpo,1.06301,1.33417,10.6301,13.3417,2026-10-02T04:53:16.878Z
10,0.80016,800.16,8.4,3,hyp_l3_s3,0,idea1,1,c,1.10453,1.34537,11.0453,13.4537,2026-10-02T05:21:35.772Z
10,0.80016,800.16,8.4,3,hyp_l3_s3,0,idea1,3,cexpo,1.41421,1.78886,14.1421,17.8886,2026-10-02T04:53:10.532Z
10,0.80016,800.16,8.4,4,hyp_l3_s5,0,idea1,1,c,1.06301,1.51328,10.6301,15.1328,2026-10-05T06:45:51.684Z
10,0.80016,800.16,8.4,4,hyp_l3_s5,0,idea1,3,cexpo,1.06301,1.51328,10.6301,15.1328,2026-10-05T06:45:51.684Z
8,0.84397,843.97,8.2,0,hyp_l2_s3,0,idea1,1,c,1.068,1.32877,8.544,10.63016,2026-10-02T05:20:20.088Z
8,0.84397,843.97,8.2,0,hyp_l2_s3,0,idea1,3,cexpo,1.28695,1.591,10.2956,12.728,2026-10-02T04:54:25.581Z
8,0.84397,843.97,8.2,1,hyp_l2_s5,0,idea1,1,c,0.55901,0.875,4.47208,7,2026-10-02T05:20:33.934Z
8,0.84397,843.97,8.2,1,hyp_l2_s5,0,idea1,3,cexpo,1.46308,1.8916,11.70464,15.1328,2026-10-02T04:54:41.988Z
8,0.84397,843.97,8.2,2,hyp_l3_s1,0,idea1,1,c,0.79056,1.06801,6.32448,8.54408,2026-10-05T08:27:11.621Z
8,0.84397,843.97,8.2,2,hyp_l3_s1,0,idea1,3,cexpo,0.79056,1.06801,6.32448,8.54408,2026-10-05T08:27:11.621Z
8,0.84397,843.97,8.2,3,hyp_l3_s3,0,idea1,1,c,1.30503,1.91214,10.44024,15.29712,2026-10-02T05:20:50.177Z
8,0.84397,843.97,8.2,3,hyp_l3_s3,0,idea1,3,cexpo,1.54616,2.09539,12.36928,16.76312,2026-10-02T04:55:00.593Z
8,0.84397,843.97,8.2,4,hyp_l3_s5,0,idea1,1,c,1.52581,2.15784,12.20648,17.26272,2026-10-02T05:21:02.368Z
8,0.84397,843.97,8.2,4,hyp_l3_s5,0,idea1,3,cexpo,1.42521,2.06912,11.40168,16.55296,2026-10-05T09:51:05.351Z
10,0.92377,923.77,8.57,0,hyp_l2_s3,0,idea1,1,c,0.67082,1.00499,6.7082,10.0499,2026-10-02T05:20:02.268Z
10,0.92377,923.77,8.57,0,hyp_l2_s3,0,idea1,3,cexpo,1.02956,1.13138,10.2956,11.3138,2026-10-02T04:56:12.633Z
10,0.92377,923.77,8.57,1,hyp_l2_s5,0,idea1,1,c,0.5,0.85441,5,8.5441,2026-10-02T05:19:51.719Z
10,0.92377,923.77,8.57,1,hyp_l2_s5,0,idea1,3,cexpo,1.02956,1.14018,10.2956,11.4018,2026-10-02T04:56:04.176Z
10,0.92377,923.77,8.57,2,hyp_l3_s1,0,idea1,1,c,0.94868,1.10454,9.4868,11.0454,2026-10-02T05:19:38.147Z
10,0.92377,923.77,8.57,2,hyp_l3_s1,0,idea1,3,cexpo,1.04403,1.28063,10.4403,12.8063,2026-10-02T04:55:54.017Z
10,0.92377,923.77,8.57,3,hyp_l3_s3,0,idea1,1,c,0.82462,1,8.2462,10,2026-10-02T05:19:14.114Z
10,0.92377,923.77,8.57,3,hyp_l3_s3,0,idea1,3,cexpo,0.86023,1.08167,8.6023,10.8167,2026-10-02T04:55:45.692Z
10,0.92377,923.77,8.57,4,hyp_l3_s5,0,idea1,1,c,1.02956,1.1662,10.2956,11.662,2026-10-02T05:19:01.726Z
10,0.92377,923.77,8.57,4,hyp_l3_s5,0,idea1,3,cexpo,0.89442,1.22066,8.9442,12.2066,2026-10-02T04:55:30.507Z
8,1.0002,1000.2,8.4,0,hyp_l2_s3,0,idea1,1,c,0.95197,1.18586,7.61576,9.48688,2026-10-02T05:18:04.505Z
8,1.0002,1000.2,8.4,0,hyp_l2_s3,0,idea1,3,cexpo,1.64411,1.90395,13.15288,15.2316,2026-10-02T04:56:29.240Z
8,1.0002,1000.2,8.4,1,hyp_l2_s5,0,idea1,1,c,1.125,1.41422,9,11.31376,2026-10-02T05:18:18.990Z
8,1.0002,1000.2,8.4,1,hyp_l2_s5,0,idea1,3,cexpo,1.60078,1.91214,12.80624,15.29712,2026-10-02T04:56:38.739Z
8,1.0002,1000.2,8.4,2,hyp_l3_s1,0,idea1,1,c,1.15244,1.46309,9.21952,11.70472,2026-10-02T05:18:32.063Z
8,1.0002,1000.2,8.4,2,hyp_l3_s1,0,idea1,3,cexpo,1.25623,1.42522,10.04984,11.40176,2026-10-02T04:56:45.928Z
8,1.0002,1000.2,8.4,3,hyp_l3_s3,0,idea1,1,c,1.28695,1.51039,10.2956,12.08312,2026-10-02T05:18:39.929Z
8,1.0002,1000.2,8.4,3,hyp_l3_s3,0,idea1,3,cexpo,1.13192,1.35209,9.05536,10.81672,2026-10-02T04:56:56.507Z
8,1.0002,1000.2,8.4,4,hyp_l3_s5,0,idea1,1,c,1.30503,1.5207,10.44024,12.1656,2026-10-02T05:18:49.906Z
8,1.0002,1000.2,8.4,4,hyp_l3_s5,0,idea1,3,cexpo,1.27475,1.60079,10.198,12.80632,2026-10-02T05:04:16.118Z
